1,Claudine,Down,cdown0@nyu.edu,Female,251.147.251.48
2,Ripley,Niven,rniven1@disqus.com,Male,218.203.158.178
3,Wendi,Beardshall,wbeardshall2@apple.com,Female,169.254.54.80
4,Luz,Schoales,lschoales3@liveinternet.ru,Female,238.25.92.14
5,Christoper,Ingham,cingham4@bigcartel.com,Male,35.198.147.76
6,Ham,Yuryshev,hyuryshev5@cargocollective.com,Male,173.177.32.119
7,Selle,Havoc,shavoc6@biglobe.ne.jp,Female,128.240.246.192
8,Ashlee,Colbeck,acolbeck7@salon.com,Female,244.181.175.5
9,Conchita,Hamlyn,chamlyn8@cocolog-nifty.com,Female,67.240.122.167
10,Tildie,Mines,tmines9@cyberchimps.com,Female,90.20.12.188
11,Elliott,Rolles,erollesa@wordpress.com,Male,53.1.114.194
12,Neddie,Haberjam,nhaberjamb@odnoklassniki.ru,Male,216.153.66.21
13,Cindy,Keyzor,ckeyzorc@slideshare.net,Female,225.112.84.111
14,Baxie,Beecraft,bbeecraftd@scientificamerican.com,Male,76.88.149.191
15,Aarika,Budget,abudgete@fastcompany.com,Female,195.246.101.196
16,Sigrid,Greenhowe,sgreenhowef@networksolutions.com,Female,200.184.49.33
17,Merwin,Bagshaw,mbagshawg@marketwatch.com,Male,86.129.255.170
18,Tadeo,Bouller,tboullerh@answers.com,Male,160.210.48.208
19,Fabio,Caffery,fcafferyi@rediff.com,Male,7.64.231.213
20,Garry,Farragher,gfarragherj@nydailynews.com,Male,53.27.39.140
21,Mollie,Cockrill,mcockrillk@meetup.com,Female,131.95.163.182
22,Gerek,Lagneaux,glagneauxl@hexun.com,Male,6.4.140.251
23,Kendal,Grose,kgrosem@mediafire.com,Male,236.127.9.14
24,Nichole,Baldree,nbaldreen@hostgator.com,Male,52.203.114.84
25,Nathanial,Aspden,naspdeno@slate.com,Male,223.117.220.176
26,Blane,Moreno,bmorenop@cnn.com,Male,107.246.120.142
27,Delmer,Haville,dhavilleq@vkontakte.ru,Male,74.32.252.61
28,Valentine,Hryncewicz,vhryncewiczr@ox.ac.uk,Female,50.93.182.126
29,Leia,Rubinchik,lrubinchiks@ucsd.edu,Female,187.84.134.10
30,Cordie,Common,ccommont@exblog.jp,Female,203.123.249.132
31,Denys,McQuirter,dmcquirteru@qq.com,Female,137.188.199.57
32,Torre,MacCurlye,tmaccurlyev@cnet.com,Male,132.218.82.231
33,Lamont,Longland,llonglandw@devhub.com,Male,240.8.171.95
34,Eleonora,Byers,ebyersx@uol.com.br,Female,224.164.159.102
35,Letti,Banham,lbanhamy@com.com,Female,117.114.68.165
36,Maynord,Boyton,mboytonz@arstechnica.com,Male,48.90.51.68
37,Joelly,Robeson,jrobeson10@plala.or.jp,Female,245.111.97.240
38,Winn,Jurkiewicz,wjurkiewicz11@miitbeian.gov.cn,Male,191.186.74.155
39,Wandie,MacDonell,wmacdonell12@psu.edu,Female,99.108.128.168
40,Sherwin,Davy,sdavy13@opera.com,Male,74.84.63.145
41,Bell,Engelmann,bengelmann14@qq.com,Female,66.53.169.229
42,Carolan,Maudett,cmaudett15@marriott.com,Female,197.237.230.132
43,Kate,Huske,khuske16@usda.gov,Female,97.187.116.114
44,Byran,Jaine,bjaine17@shinystat.com,Male,90.79.255.161
45,Evelyn,Forster,eforster18@slate.com,Agender,217.148.197.186
46,Thibaut,Doles,tdoles19@jalbum.net,Male,76.211.91.255
47,Kinny,Lippett,klippett1a@ucoz.com,Male,145.84.24.37
48,Ambrosi,Aries,aaries1b@rakuten.co.jp,Male,154.160.251.4
49,Evey,Clipson,eclipson1c@wunderground.com,Female,66.29.209.241
50,Griff,Harbison,gharbison1d@independent.co.uk,Male,25.230.232.122
51,Donnie,Ridges,dridges1e@1688.com,Male,240.211.94.199
52,Marlon,Prestney,mprestney1f@printfriendly.com,Male,194.228.11.130
53,Luz,Libbis,llibbis1g@ft.com,Female,225.212.63.189
54,Amandie,Austen,aausten1h@wunderground.com,Female,220.127.31.10
55,Brittney,Buston,bbuston1i@amazon.de,Female,166.201.60.178
56,Rheba,Chilcotte,rchilcotte1j@ted.com,Female,237.54.0.147
57,Stephanus,Snelson,ssnelson1k@bluehost.com,Male,166.31.97.46
58,Ilsa,Duchateau,iduchateau1l@rediff.com,Female,208.127.39.5
59,Davidde,Chatfield,dchatfield1m@canalblog.com,Male,226.90.235.75
60,Shelly,Dicty,sdicty1n@google.cn,Female,23.224.48.160
61,Abrahan,Richarson,aricharson1o@mac.com,Male,63.14.113.59
62,Anya,Townshend,atownshend1p@blogspot.com,Female,62.77.190.78
63,Yoshiko,Docksey,ydocksey1q@nymag.com,Female,91.32.115.158
64,Katalin,de Mullett,kdemullett1r@columbia.edu,Female,95.111.10.140
65,Tobiah,Minci,tminci1s@jugem.jp,Male,140.148.212.193
66,Cissiee,Cantos,ccantos1t@sciencedirect.com,Bigender,1.72.211.179
67,Bobby,Curzon,bcurzon1u@telegraph.co.uk,Female,163.10.219.209
68,Stafford,Meyer,smeyer1v@wix.com,Male,11.233.115.249
69,Kameko,Willey,kwilley1w@ed.gov,Female,103.6.142.168
70,Gena,Bickersteth,gbickersteth1x@shutterfly.com,Female,64.233.231.58
71,Thorsten,Bridywater,tbridywater1y@networksolutions.com,Male,108.161.135.201
72,Jo-anne,Reynold,jreynold1z@thetimes.co.uk,Female,104.104.102.127
73,Bertie,Fern,bfern20@epa.gov,Female,163.43.64.112
74,Aubine,Burdis,aburdis21@hexun.com,Female,234.91.249.107
75,Gray,Dimitrescu,gdimitrescu22@icio.us,Female,22.135.112.167
76,Pauli,Heakins,pheakins23@a8.net,Female,70.213.250.38
77,Katusha,Alfonsetti,kalfonsetti24@npr.org,Female,63.172.26.227
78,Carlotta,Housego,chousego25@technorati.com,Female,15.191.139.221
79,Ursulina,De Filippis,udefilippis26@google.fr,Agender,6.204.4.47
80,Kaleb,Tales,ktales27@google.com.au,Bigender,204.53.62.188
81,Nealon,Wands,nwands28@redcross.org,Male,232.109.230.174
82,Alexandro,Delue,adelue29@jiathis.com,Male,185.181.115.107
83,Tabbatha,Sherar,tsherar2a@cargocollective.com,Female,186.250.153.8
84,Haskell,Boyat,hboyat2b@domainmarket.com,Male,179.95.32.107
85,Paddie,Cuncarr,pcuncarr2c@seesaa.net,Male,86.38.50.200
86,Maggie,Rowston,mrowston2d@go.com,Female,223.137.89.99
87,Bradley,Fairlamb,bfairlamb2e@desdev.cn,Male,91.255.29.252
88,Joelie,Cavalier,jcavalier2f@mysql.com,Female,8.167.59.195
89,Adelind,Mailes,amailes2g@uiuc.edu,Female,105.134.19.155
90,Greta,Scranny,gscranny2h@cnbc.com,Female,124.225.42.157
91,Blake,Stebbing,bstebbing2i@berkeley.edu,Male,181.69.47.117
92,Alair,Scamerden,ascamerden2j@state.gov,Male,228.88.211.188
93,Jodi,Perkin,jperkin2k@infoseek.co.jp,Female,12.156.225.241
94,Gratia,Dutteridge,gdutteridge2l@hugedomains.com,Female,110.242.15.32
95,Paola,Gilder,pgilder2m@vkontakte.ru,Female,181.82.172.134
96,Marv,Troker,mtroker2n@google.com,Male,204.28.225.19
97,Leela,Duckerin,lduckerin2o@4shared.com,Female,64.167.138.186
98,Boote,Boman,bboman2p@fema.gov,Male,36.233.170.157
99,Leeland,Danihel,ldanihel2q@epa.gov,Male,116.61.13.189
100,Brigitte,Jerdon,bjerdon2r@geocities.com,Female,137.238.47.55
101,Kassey,Bunten,kbunten2s@statcounter.com,Female,61.155.79.110
102,Alberto,Anthonies,aanthonies2t@163.com,Male,171.174.109.216
103,Broddie,Besse,bbesse2u@vistaprint.com,Male,2.208.135.197
104,Zollie,Leach,zleach2v@slate.com,Male,71.58.89.76
105,Trumaine,Grishunin,tgrishunin2w@netscape.com,Male,162.26.158.35
106,Vivian,Nicklen,vnicklen2x@reuters.com,Polygender,160.114.68.45
107,Tailor,Mylechreest,tmylechreest2y@quantcast.com,Male,0.6.165.114
108,Aleda,Leathart,aleathart2z@liveinternet.ru,Female,34.114.128.55
109,Jim,De Ath,jdeath30@flickr.com,Male,241.250.82.2
110,Thaine,Egle of Germany,tegleofgermany31@cdbaby.com,Agender,172.2.50.58
111,Lanie,Doyland,ldoyland32@bbc.co.uk,Female,184.210.145.182
112,Lonna,Seeks,lseeks33@liveinternet.ru,Female,22.29.223.86
113,Rollin,Cescotti,rcescotti34@java.com,Genderfluid,231.249.9.153
114,Dalenna,Stollhofer,dstollhofer35@google.co.uk,Female,101.111.171.190
115,Quill,Moine,qmoine36@auda.org.au,Male,178.249.204.63
116,Brenn,Dunnan,bdunnan37@angelfire.com,Female,214.25.6.30
117,Morgan,Glenton,mglenton38@eepurl.com,Female,16.217.233.99
118,Augustina,Culbert,aculbert39@addthis.com,Female,51.89.213.181
119,Marsiella,Dat,mdat3a@ameblo.jp,Genderfluid,151.191.159.32
120,Hermia,Casebourne,hcasebourne3b@usnews.com,Female,37.139.56.10
121,Emiline,Faraday,efaraday3c@furl.net,Polygender,148.80.26.187
122,Sadella,Speechley,sspeechley3d@twitpic.com,Female,239.224.251.82
123,Cammie,Burstow,cburstow3e@typepad.com,Female,107.154.147.174
124,Michaelina,Klyner,mklyner3f@vkontakte.ru,Female,111.26.49.93
125,Dyana,Ballantyne,dballantyne3g@census.gov,Female,157.255.4.139
126,Sayers,Deeprose,sdeeprose3h@google.com.br,Male,190.0.165.237
127,Ranique,Dake,rdake3i@g.co,Female,40.37.87.99
128,Orton,Offill,ooffill3j@businessinsider.com,Male,152.161.185.192
129,Isahella,Rutherford,irutherford3k@ca.gov,Female,153.196.8.236
130,Hirsch,Crumbie,hcrumbie3l@weather.com,Male,209.23.20.12
131,Jeffrey,Paaso,jpaaso3m@dedecms.com,Male,189.189.96.31
132,Jo,Hendrickx,jhendrickx3n@ucla.edu,Female,43.19.187.3
133,Doria,Stanes,dstanes3o@hud.gov,Female,91.94.148.156
134,Lyn,Gurnell,lgurnell3p@networkadvertising.org,Male,29.129.237.12
135,Zach,Bertolin,zbertolin3q@digg.com,Male,67.146.187.98
136,Vaughan,Abramzon,vabramzon3r@msu.edu,Male,78.242.150.175
137,Charlton,Roddam,croddam3s@hc360.com,Male,32.241.144.221
138,Jameson,Dumphry,jdumphry3t@alibaba.com,Male,164.154.223.155
139,Florinda,Jeffers,fjeffers3u@moonfruit.com,Female,65.123.113.92
140,Egon,Harkins,eharkins3v@spotify.com,Male,80.248.210.225
141,Almeria,Duguid,aduguid3w@wordpress.com,Non-binary,25.237.25.222
142,Hesther,Peaseman,hpeaseman3x@hexun.com,Female,46.61.44.77
143,Delila,Oxshott,doxshott3y@ftc.gov,Female,225.150.13.96
144,Elberta,Lushey,elushey3z@cisco.com,Female,12.131.125.255
145,Coralyn,Torbard,ctorbard40@umich.edu,Female,38.185.151.137
146,Katrinka,Robottom,krobottom41@usatoday.com,Female,239.12.35.128
147,Shoshanna,Hillyatt,shillyatt42@google.fr,Female,70.131.155.125
148,Marnie,Lindgren,mlindgren43@netscape.com,Bigender,60.35.130.22
149,Linn,Blenkiron,lblenkiron44@unesco.org,Male,118.203.148.182
150,Emmalynn,Koppes,ekoppes45@patch.com,Female,243.80.103.80
151,Liz,Juzek,ljuzek46@com.com,Female,107.77.6.53
152,Sarette,Helis,shelis47@cyberchimps.com,Female,166.186.209.14
153,Nikolai,Maunder,nmaunder48@jiathis.com,Male,170.63.249.118
154,Worth,Petrollo,wpetrollo49@tuttocitta.it,Male,231.162.89.73
155,Thaxter,Dresse,tdresse4a@simplemachines.org,Male,74.31.50.231
156,Legra,Chasmor,lchasmor4b@booking.com,Female,158.193.243.35
157,Dewie,Pettendrich,dpettendrich4c@state.gov,Male,195.116.70.196
158,Nicky,Franceschelli,nfranceschelli4d@clickbank.net,Male,125.164.61.118
159,Lorna,Sowrey,lsowrey4e@bandcamp.com,Female,204.177.17.13
160,Kennett,Bramich,kbramich4f@mysql.com,Non-binary,155.111.56.177
161,Conchita,Lemerle,clemerle4g@liveinternet.ru,Female,7.16.66.254
162,Ari,Deighan,adeighan4h@prlog.org,Male,255.161.25.176
163,Bryant,Beaty,bbeaty4i@pcworld.com,Male,9.32.220.25
164,Allard,Farfalameev,afarfalameev4j@google.ca,Male,105.194.203.210
165,Merissa,Cowell,mcowell4k@bloomberg.com,Female,70.252.249.50
166,Lilli,Hazart,lhazart4l@hostgator.com,Female,186.74.58.245
167,Bettine,Gatteridge,bgatteridge4m@nifty.com,Female,206.160.44.20
168,Al,Harmon,aharmon4n@joomla.org,Male,198.14.250.73
169,Willamina,Henniger,whenniger4o@ucoz.ru,Female,11.223.65.64
170,Nikola,Lackie,nlackie4p@sakura.ne.jp,Male,33.251.233.223
171,Bambie,Hanrott,bhanrott4q@smugmug.com,Non-binary,72.34.234.36
172,Kaine,Coulling,kcoulling4r@huffingtonpost.com,Male,163.250.124.88
173,Igor,Glasscoe,iglasscoe4s@howstuffworks.com,Male,92.171.4.252
174,Rip,Stilgo,rstilgo4t@domainmarket.com,Male,22.47.14.169
175,Ambur,Baseley,abaseley4u@rediff.com,Female,234.27.15.40
176,Saul,Lightfoot,slightfoot4v@dagondesign.com,Male,247.176.219.59
177,Darrin,Bortolini,dbortolini4w@nba.com,Male,148.231.90.130
178,Friedrick,Kun,fkun4x@webnode.com,Male,27.243.197.103
179,Lorelle,Ceyssen,lceyssen4y@booking.com,Female,102.165.51.189
180,Morgen,Swinford,mswinford4z@freewebs.com,Female,55.251.184.33
181,Sadella,Gubbin,sgubbin50@fema.gov,Female,39.146.54.173
182,Conney,Flitcroft,cflitcroft51@woothemes.com,Male,150.72.111.25
183,Iggy,Minger,iminger52@deliciousdays.com,Male,109.92.254.137
184,Giulio,Mc Ilory,gmcilory53@rakuten.co.jp,Male,25.4.155.74
185,Sam,Wayte,swayte54@unblog.fr,Male,221.158.3.128
186,Alyss,Olding,aolding55@icq.com,Female,51.40.121.186
187,Jess,O'Griffin,jogriffin56@naver.com,Female,101.60.10.198
188,Kristine,Klezmski,kklezmski57@cnbc.com,Female,254.244.255.95
189,Hillard,Ransfield,hransfield58@gizmodo.com,Male,122.183.251.53
190,Gilberte,Dran,gdran59@e-recht24.de,Female,64.163.246.75
191,Kean,Handford,khandford5a@psu.edu,Male,38.166.155.16
192,Will,Daviddi,wdaviddi5b@nydailynews.com,Bigender,5.219.199.179
193,Glyn,Moan,gmoan5c@jalbum.net,Male,128.112.9.208
194,Nert,Taffarello,ntaffarello5d@amazonaws.com,Female,222.204.85.185
195,Reena,Lomis,rlomis5e@google.de,Female,41.216.4.114
196,Angel,Race,arace5f@rambler.ru,Female,154.124.203.252
197,Arney,Bonnin,abonnin5g@geocities.jp,Male,202.63.11.35
198,Abbi,Singh,asingh5h@smugmug.com,Female,5.199.20.192
199,Fionnula,Munson,fmunson5i@japanpost.jp,Female,143.157.254.188
200,Aylmer,Dawbury,adawbury5j@howstuffworks.com,Male,63.143.240.4
