id,first_name,last_name,email,city,ip_address
1,Jarid,Plascott,jplascott0@npr.org,Kuala Lumpur,16.147.185.98
2,Jaimie,Forrester,jforrester1@hugedomains.com,Barrancas,69.148.161.172
3,Minna,Wemyss,mwemyss2@illinois.edu,Claye-Souilly,102.204.45.33
4,Sunny,Grunwall,sgrunwall3@boston.com,Itacoatiara,228.83.191.79
5,Griffith,Cluitt,gcluitt4@4shared.com,Charqueadas,21.79.13.254
6,Trumann,Oakden,toakden5@nasa.gov,Palopat,34.27.185.196
7,Jodi,Crownshaw,jcrownshaw6@tinypic.com,Pajak,191.65.239.146
8,Creigh,Limpenny,climpenny7@foxnews.com,Lillooet,93.204.222.13
9,Valeria,Mac Geaney,vmacgeaney8@nps.gov,Jiaokui,247.81.107.100
10,Nyssa,Makinson,nmakinson9@photobucket.com,Khairpur Nathan Shāh,198.23.108.170
11,Franni,Abade,fabadea@goodreads.com,18 de Marzo,229.176.155.156
12,Lucienne,Humberston,lhumberstonb@webeden.co.uk,Bojongbenteng,96.29.38.199
13,Frans,Frawley,ffrawleyc@4shared.com,Xishan,210.161.11.201
14,Katina,Leat,kleatd@csmonitor.com,Nishio,240.15.67.222
15,Georgia,Sieghard,gsiegharde@canalblog.com,Újezd,24.156.230.179
16,Eben,Conyers,econyersf@oaic.gov.au,Kuala Lumpur,187.59.107.208
17,Thomas,Farlam,tfarlamg@google.it,Nunchía,91.116.35.81
18,Dennie,Feighry,dfeighryh@netlog.com,Chita,131.217.228.26
19,Wandie,Getley,wgetleyi@youtu.be,Sanxi,213.75.146.208
20,Alanah,Bridgett,abridgettj@howstuffworks.com,Mosrentgen,21.109.193.233
21,Alleyn,Easterfield,aeasterfieldk@wordpress.org,Ajman,64.193.175.83
22,Jacob,Jozefczak,jjozefczakl@free.fr,Lamía,179.156.161.186
23,Devinne,Hardi,dhardim@wordpress.org,Jaqué,114.154.207.47
24,Pate,MacAlinden,pmacalindenn@state.gov,Gobang,23.33.165.121
25,Shana,Sindle,ssindleo@dion.ne.jp,Luzern,127.80.240.98
26,Jyoti,Crowe,jcrowep@ow.ly,Tucson,1.101.157.251
27,Selene,Bewshaw,sbewshawq@hao123.com,Kstovo,81.78.32.157
28,Tersina,Wanka,twankar@is.gd,Bali,30.132.214.4
29,Sher,Thams,sthamss@weather.com,Maruoka,186.198.137.218
30,Johna,Arghent,jarghentt@hibu.com,Rochefort,64.231.151.5
31,Clary,McGreal,cmcgrealu@bing.com,Rennes,19.235.9.158
32,Merilyn,Penticost,mpenticostv@taobao.com,Jiaocheng,254.89.149.198
33,Clayborn,McLemon,cmclemonw@telegraph.co.uk,Pervomays’ke,20.177.157.240
34,Jordana,Klambt,jklambtx@meetup.com,Kunting,43.240.202.167
35,Fanny,Friar,ffriary@upenn.edu,Farsta,49.76.140.143
36,Catherin,Brothwell,cbrothwellz@wikipedia.org,Krajan Battal,99.64.199.159
37,Rozina,Lettuce,rlettuce10@lulu.com,Pimbalayan,170.134.160.4
38,Sonia,Antonellini,santonellini11@artisteer.com,Le Teil,156.81.7.2
39,Jessy,Meaddowcroft,jmeaddowcroft12@hexun.com,Tyringe,95.17.86.133
40,Tedman,Caverhill,tcaverhill13@addthis.com,Panolan,227.129.178.246
41,Bryn,Headey,bheadey14@51.la,San Vicente,245.221.129.158
42,Jaclyn,Mitcheson,jmitcheson15@mysql.com,Tokoname,68.182.43.215
43,Worthington,Wesker,wwesker16@ucla.edu,Shiree,215.166.105.228
44,Allina,Snasdell,asnasdell17@xinhuanet.com,Futu,36.113.212.200
45,Finn,Raiston,fraiston18@elegantthemes.com,Chavdar,238.25.21.126
46,Celestina,Tranter,ctranter19@shareasale.com,Rato,174.54.164.202
47,Ginnifer,Seven,gseven1a@google.ca,Seto,19.192.214.174
48,Giles,Rogliero,grogliero1b@desdev.cn,Cotorra,191.140.220.242
49,Tonnie,Imlen,timlen1c@buzzfeed.com,Dongming Chengguanzhen,36.172.128.179
50,Padraig,McIleen,pmcileen1d@naver.com,Dongda,207.110.87.96
51,Gardener,Toffaloni,gtoffaloni1e@house.gov,Limonade,53.202.63.131
52,Ardeen,Sprague,asprague1f@163.com,Braga,210.132.171.174
53,Ken,Pryell,kpryell1g@who.int,Zhongjiapu,247.17.151.20
54,Martin,Swainsbury,mswainsbury1h@purevolume.com,Tanabe,186.209.91.35
55,Rebekkah,Lalonde,rlalonde1i@oracle.com,Maqiu,181.144.62.120
56,Calla,Jzhakov,cjzhakov1j@altervista.org,Strel'na,3.129.93.252
57,Garik,Kenny,gkenny1k@weebly.com,Al Jīzah,255.11.60.118
58,Petronille,Coalburn,pcoalburn1l@google.de,Pontalina,203.31.164.34
59,Angelico,Poles,apoles1m@plala.or.jp,Bistrinci,85.174.130.12
60,Mariel,Shires,mshires1n@github.com,Charleston,42.72.169.18
61,Junette,MacNalley,jmacnalley1o@sitemeter.com,Gândara de Aquém,208.77.218.156
62,Moyra,ffrench Beytagh,mffrenchbeytagh1p@opera.com,Zhoinda,154.141.244.63
63,Abigail,Keilloh,akeilloh1q@amazonaws.com,Vary,183.159.12.186
64,Lucille,Pibworth,lpibworth1r@salon.com,Saki,236.120.149.242
65,Corbie,Fenty,cfenty1s@google.co.uk,Diaowei,7.118.183.140
66,Ethelred,Ondra,eondra1t@issuu.com,Karangbungur,57.230.143.238
67,Madel,Baldinotti,mbaldinotti1u@epa.gov,Zielonki,14.141.214.222
68,Jacquelynn,McQuaid,jmcquaid1v@mapquest.com,Ngedhusuba,169.150.211.56
69,Carmita,Meineck,cmeineck1w@slashdot.org,Vodstroy,200.90.34.122
70,Amandi,McDonough,amcdonough1x@histats.com,Sarāqib,145.137.152.19
71,Arnaldo,Batha,abatha1y@goodreads.com,Iqaluit,131.210.97.207
72,Denys,de Werk,ddewerk1z@smugmug.com,Catarina,150.185.14.68
73,Jolyn,Newsome,jnewsome20@feedburner.com,Sobral,186.110.134.6
74,Almira,Cosgrave,acosgrave21@list-manage.com,Sumberejo,233.23.149.143
75,Cesya,Trevers,ctrevers22@github.com,Chengcun,114.152.97.221
76,Sloan,Flello,sflello23@rambler.ru,Zengji,146.201.185.116
77,Lennard,Mutton,lmutton24@seesaa.net,Baizhang,154.34.119.168
78,Richie,Bringloe,rbringloe25@artisteer.com,Shuangyang,78.63.234.235
79,Marlo,Burgan,mburgan26@nps.gov,Lahuaytambo,119.21.83.40
80,Marget,Fazakerley,mfazakerley27@dyndns.org,Huangliang,128.186.40.30
81,Jonell,Oubridge,joubridge28@adobe.com,Kass Wollof,154.74.131.237
82,Ofella,Gammett,ogammett29@dyndns.org,Le Mans,87.105.83.228
83,Phebe,Kerford,pkerford2a@printfriendly.com,Bayan,64.88.220.98
84,Theodoric,Huntall,thuntall2b@kickstarter.com,El Copey,37.94.249.87
85,Charissa,Biaggelli,cbiaggelli2c@wp.com,Mosquée,239.164.155.201
86,Othelia,Feechan,ofeechan2d@springer.com,Lubao,141.93.238.122
87,Essa,Petruskevich,epetruskevich2e@quantcast.com,Norrköping,60.138.1.212
88,Diego,McColl,dmccoll2f@addtoany.com,Libon,254.93.120.97
89,Renado,Potteridge,rpotteridge2g@biglobe.ne.jp,Malekān,194.118.160.48
90,Abbey,Hancorn,ahancorn2h@msu.edu,Pointe Michel,171.251.208.17
91,Alyss,Spilsted,aspilsted2i@gov.uk,Cibeureum Kidul,52.246.106.34
92,Locke,Larraway,llarraway2j@de.vu,Povarovo,128.214.16.169
93,Malia,Pringer,mpringer2k@who.int,Tyresö,152.143.21.121
94,Greggory,Darben,gdarben2l@vkontakte.ru,Agat Village,169.229.182.93
95,Manuel,Mearing,mmearing2m@seattletimes.com,Anzihao,9.215.232.135
96,Nata,MacAllester,nmacallester2n@ca.gov,Bilaran,224.98.159.241
97,Normy,Growcott,ngrowcott2o@themeforest.net,Maanĭt,137.86.249.27
98,Bret,Billany,bbillany2p@uol.com.br,Jielin,163.74.106.36
99,Storm,Fritter,sfritter2q@smugmug.com,Sobral da Abelheira,29.148.199.207
100,Samantha,Westcar,swestcar2r@oaic.gov.au,Babahoyo,174.110.86.72
101,Tierney,Girardy,tgirardy2s@google.com.hk,San Martín,113.52.94.72
102,Harv,Jupe,hjupe2t@pen.io,Itamaraju,176.123.248.7
103,Marinna,Otto,motto2u@spotify.com,Zemun,122.136.114.230
104,Adda,Szymanowski,aszymanowski2v@cocolog-nifty.com,Changdai,155.122.71.192
105,Danika,Caws,dcaws2w@discuz.net,Custódia,209.239.146.129
106,Lavina,Southern,lsouthern2x@dedecms.com,Artjärvi,1.249.253.69
107,Hillary,Pigden,hpigden2y@cbslocal.com,Yangtan,11.66.136.138
108,Toby,Espie,tespie2z@symantec.com,Manturovo,214.126.246.209
109,Bella,Burgoin,bburgoin30@usa.gov,Huangqi,182.54.209.19
110,Marris,Hughes,mhughes31@flavors.me,Miura,192.104.68.150
111,Kalle,Godlonton,kgodlonton32@msn.com,Valladolid,253.141.157.184
112,Luise,Offin,loffin33@globo.com,Jining,28.87.33.118
113,Patrice,Waszczykowski,pwaszczykowski34@squarespace.com,Ilhabela,221.227.8.86
114,Talya,Wornum,twornum35@nature.com,Tseel,220.104.55.192
115,Emanuel,Phethean,ephethean36@sohu.com,Babah Rot,190.10.224.247
116,Ingmar,Spruce,ispruce37@bizjournals.com,El Tablón,138.22.57.186
117,Stace,Howerd,showerd38@opensource.org,Shebekino,68.129.4.214
118,Carmelia,Dumberell,cdumberell39@sourceforge.net,Nyaunglebin,25.165.194.71
119,Nonie,Cantu,ncantu3a@admin.ch,Fundong,45.101.213.139
120,Poppy,Lohmeyer,plohmeyer3b@mac.com,Picton,2.159.202.253
121,Carl,Strute,cstrute3c@slashdot.org,Sukacai Tengah,26.122.12.13
122,Margaretta,Meigh,mmeigh3d@sciencedaily.com,Aqsay,40.165.219.189
123,Nannette,Kyme,nkyme3e@xinhuanet.com,Santiago de María,192.164.78.145
124,Lois,Semechik,lsemechik3f@ameblo.jp,Hushan,114.57.198.67
125,Kevin,Hubber,khubber3g@youtu.be,Berlin,81.191.180.143
126,Lynna,Whitehorne,lwhitehorne3h@bluehost.com,El Progreso,120.206.222.77
127,Carma,Grimsditch,cgrimsditch3i@wufoo.com,Velké Opatovice,46.44.144.96
128,Cleavland,Heffer,cheffer3j@yolasite.com,Dschang,132.101.42.184
129,Nicol,Najara,nnajara3k@google.de,Chulabhorn,9.240.110.248
130,Keary,Nurny,knurny3l@tripod.com,La Loma,39.144.197.50
131,Torin,Passion,tpassion3m@chron.com,Trŭn,248.98.18.126
132,Ginnifer,Fearn,gfearn3n@seattletimes.com,Bagiktinggang,242.26.72.248
133,Abby,Mundwell,amundwell3o@hhs.gov,Llazicë,6.13.208.110
134,Bart,Menchenton,bmenchenton3p@delicious.com,Sembungin,239.87.207.201
135,Burch,Bolsteridge,bbolsteridge3q@webnode.com,Náklo,120.228.239.204
136,Clair,Geraldi,cgeraldi3r@home.pl,Marseille,70.30.64.33
137,Brena,Maffioletti,bmaffioletti3s@timesonline.co.uk,Detroit,230.248.128.196
138,Koenraad,Tremontana,ktremontana3t@edublogs.org,Malysheva,236.122.168.204
139,Bartram,Waring,bwaring3u@networkadvertising.org,Hodkovičky,251.243.106.33
140,Colleen,Punchard,cpunchard3v@disqus.com,El Galpón,88.46.95.149
141,Cornela,Stranaghan,cstranaghan3w@howstuffworks.com,Vernon,190.213.172.226
142,Darryl,Waud,dwaud3x@go.com,Cluses,91.227.83.209
143,Shannon,Fewster,sfewster3y@weibo.com,Fenghuanglu,104.192.84.213
144,Giovanna,Simnell,gsimnell3z@cargocollective.com,Randudongkal,74.224.142.212
145,Hayward,Rolfe,hrolfe40@csmonitor.com,Salt Lake City,99.62.175.181
146,Gib,McMeyler,gmcmeyler41@nydailynews.com,Saint Petersburg,187.57.117.39
147,Jordanna,Marchington,jmarchington42@disqus.com,Évreux,216.170.70.218
148,Maggy,Dubois,mdubois43@live.com,Hougang,134.147.3.0
149,Radcliffe,Bambra,rbambra44@whitehouse.gov,Barisāl,49.68.1.227
150,Skylar,Weal,sweal45@unicef.org,Neietsu,145.78.74.97
151,Belia,Mapham,bmapham46@cloudflare.com,Independencia,130.145.94.49
152,Glenden,Gheorghie,ggheorghie47@opensource.org,Tangcun,231.172.124.145
153,Maia,Caile,mcaile48@mail.ru,Richmond,25.40.90.217
154,Germain,Viollet,gviollet49@pagesperso-orange.fr,Gaotieling,126.183.30.67
155,Rafaello,Neubigin,rneubigin4a@sbwire.com,Wŏnsan,66.35.178.59
156,Theo,Foxley,tfoxley4b@domainmarket.com,Qingyuan,158.211.196.40
157,Engracia,Androletti,eandroletti4c@yandex.ru,Saparua,47.237.104.228
158,Bartolemo,Skedgell,bskedgell4d@ft.com,Kāshān,39.232.224.166
159,Kerry,Bartelli,kbartelli4e@oracle.com,Secang Barat,7.28.230.147
160,Steward,Oene,soene4f@tumblr.com,Aix-en-Provence,233.81.125.71
161,Denice,Merton,dmerton4g@discovery.com,Byera Village,230.102.201.188
162,Royall,Bissiker,rbissiker4h@aol.com,Jianli,148.195.35.245
163,Amber,Hendriks,ahendriks4i@ft.com,Gračac,102.160.252.2
164,Darn,Seifenmacher,dseifenmacher4j@addtoany.com,Xinfu,157.111.245.145
165,Gawen,McQuarter,gmcquarter4k@privacy.gov.au,Pemex,230.159.228.87
166,Magda,Prestidge,mprestidge4l@cnbc.com,Bahe,247.149.207.255
167,Leonidas,Fronzek,lfronzek4m@ted.com,Dzuunmod,139.46.48.45
168,Eleanora,Bawden,ebawden4n@so-net.ne.jp,Cuito,113.190.78.149
169,Alexandre,Rassell,arassell4o@e-recht24.de,Stuttgart,227.233.186.39
170,Corella,Seint,cseint4p@cafepress.com,Wentai,182.169.113.103
171,Geoffry,Denisot,gdenisot4q@scientificamerican.com,Barra do Bugres,226.228.127.35
172,Giacomo,Picker,gpicker4r@goo.ne.jp,Divača,234.89.26.177
173,Rubin,Riddington,rriddington4s@webeden.co.uk,Qacha’s Nek,86.39.51.197
174,Margot,Costain,mcostain4t@nyu.edu,Jinfeng,48.185.238.210
175,Caroline,Shellum,cshellum4u@flavors.me,Narita,173.20.178.86
176,Denys,Loach,dloach4v@dmoz.org,Damaying,1.203.55.208
177,Felic,Adrienne,fadrienne4w@home.pl,Mtinko,115.45.70.231
178,Alberta,Shiers,ashiers4x@time.com,Coasa,165.67.176.11
179,Enos,Ascroft,eascroft4y@reuters.com,Al Manāqil,189.39.241.85
180,Allan,Myhan,amyhan4z@ucoz.com,Jeonju,111.232.9.154
181,Beryle,Olechnowicz,bolechnowicz50@over-blog.com,Solidaridad,173.172.151.11
182,Carlye,Heugh,cheugh51@phpbb.com,Hanyuan,189.255.247.18
183,Johnna,Logan,jlogan52@printfriendly.com,Aparecida do Taboado,52.19.195.182
184,Julie,Snelson,jsnelson53@google.cn,Annacotty,9.227.161.132
185,Shay,Bartley,sbartley54@oracle.com,Bakersfield,62.10.131.203
186,Shaine,Meighan,smeighan55@senate.gov,Triteh,17.82.97.142
187,Skell,Hallgate,shallgate56@bbb.org,Padre Bernardo,222.58.149.234
188,Harlen,O'Mullaney,homullaney57@hexun.com,Zhanghua,68.101.30.63
189,Sisile,Glawsop,sglawsop58@nhs.uk,Hulan,136.28.38.0
190,Tracey,Impy,timpy59@newyorker.com,Kuala Lumpur,72.181.17.32
191,Gregorio,Ecclestone,gecclestone5a@liveinternet.ru,Sremčica,76.1.177.106
192,Ramsey,Belly,rbelly5b@oaic.gov.au,Xushan,177.156.58.198
193,Fleurette,Grisley,fgrisley5c@reuters.com,Briceni,148.57.9.169
194,Beth,Holsall,bholsall5d@gov.uk,Aldeia,34.11.138.24
195,Mickie,Harkins,mharkins5e@desdev.cn,Spétses,56.253.185.77
196,Burlie,Rann,brann5f@yellowbook.com,Cortes,42.91.145.236
197,Titus,Bullant,tbullant5g@macromedia.com,Pará de Minas,104.183.143.186
198,Nicole,Magrannell,nmagrannell5h@xinhuanet.com,Nanao,173.58.11.216
199,Matthus,Slora,mslora5i@java.com,Yëlkino,75.8.36.31
200,Dora,Matyugin,dmatyugin5j@nydailynews.com,Prabuty,173.182.165.222
